[
  {
    "id": "4118c40a-a67e-4d88-816f-bb052406df95",
    "data": [
      {
        "text": "vanilla",
        "meta": "@sys.color",
        "alias": "color",
        "userDefined": false
      }
    ],
    "isTemplate": false,
    "count": 0,
    "lang": "en",
    "updated": 0
  },
  {
    "id": "3748766f-1028-4d58-84c9-d0b6f03bc99a",
    "data": [
      {
        "text": "with cheese",
        "userDefined": false
      }
    ],
    "isTemplate": false,
    "count": 0,
    "lang": "en",
    "updated": 0
  },
  {
    "id": "01f38e22-6302-4ef9-a92c-6520667043fd",
    "data": [
      {
        "text": "egg",
        "userDefined": false
      }
    ],
    "isTemplate": false,
    "count": 0,
    "lang": "en",
    "updated": 0
  },
  {
    "id": "c3074acc-a501-4bc9-8fc7-81c3aee29394",
    "data": [
      {
        "text": "chicken",
        "userDefined": false
      }
    ],
    "isTemplate": false,
    "count": 0,
    "lang": "en",
    "updated": 0
  },
  {
    "id": "1d4d8d8a-5a96-4527-ae18-f27a0b731389",
    "data": [
      {
        "text": "veg",
        "userDefined": false
      }
    ],
    "isTemplate": false,
    "count": 0,
    "lang": "en",
    "updated": 0
  },
  {
    "id": "3541d3f7-5794-464a-ac7d-c06e92d47e46",
    "data": [
      {
        "text": "milk coffee",
        "userDefined": false
      }
    ],
    "isTemplate": false,
    "count": 0,
    "lang": "en",
    "updated": 0
  },
  {
    "id": "4c12d2f6-538b-4f22-ad74-a95c21c1d7fd",
    "data": [
      {
        "text": "black",
        "meta": "@sys.color",
        "alias": "color",
        "userDefined": false
      },
      {
        "text": " coffee",
        "userDefined": false
      }
    ],
    "isTemplate": false,
    "count": 1,
    "lang": "en",
    "updated": 0
  },
  {
    "id": "8d70e762-0ef7-4f4f-a54f-14061be5da82",
    "data": [
      {
        "text": "chocolate",
        "meta": "@sys.color",
        "alias": "color",
        "userDefined": false
      }
    ],
    "isTemplate": false,
    "count": 0,
    "lang": "en",
    "updated": 0
  },
  {
    "id": "1e6e06ab-971a-4d49-85d6-ac3439735da7",
    "data": [
      {
        "text": "red",
        "meta": "@sys.color",
        "alias": "color",
        "userDefined": false
      },
      {
        "text": " velevt",
        "userDefined": false
      }
    ],
    "isTemplate": false,
    "count": 0,
    "lang": "en",
    "updated": 0
  },
  {
    "id": "387640ba-5edf-4b36-8913-320a9234f9ab",
    "data": [
      {
        "text": "4",
        "meta": "@sys.number",
        "alias": "number",
        "userDefined": false
      }
    ],
    "isTemplate": false,
    "count": 0,
    "lang": "en",
    "updated": 0
  },
  {
    "id": "733f556a-7778-458b-b487-a123939afe0e",
    "data": [
      {
        "text": "3",
        "meta": "@sys.number",
        "alias": "number",
        "userDefined": false
      }
    ],
    "isTemplate": false,
    "count": 0,
    "lang": "en",
    "updated": 0
  },
  {
    "id": "00dd191b-7beb-4cfc-800b-af416bdc617f",
    "data": [
      {
        "text": "2",
        "meta": "@sys.number",
        "alias": "number",
        "userDefined": false
      }
    ],
    "isTemplate": false,
    "count": 0,
    "lang": "en",
    "updated": 0
  },
  {
    "id": "7dc7af5a-140c-4319-9b7f-ec27c35866ad",
    "data": [
      {
        "text": "1",
        "meta": "@sys.number",
        "alias": "number",
        "userDefined": false
      }
    ],
    "isTemplate": false,
    "count": 0,
    "lang": "en",
    "updated": 0
  }
]