[
  {
    "id": "c7728703-c98d-4aba-b186-7d6a724ba5fe",
    "data": [
      {
        "text": "water colours",
        "userDefined": false
      }
    ],
    "isTemplate": false,
    "count": 0,
    "lang": "en",
    "updated": 0
  },
  {
    "id": "0d56bd70-7196-42b1-9dca-44a6228c6f62",
    "data": [
      {
        "text": "oil paintings",
        "userDefined": false
      }
    ],
    "isTemplate": false,
    "count": 0,
    "lang": "en",
    "updated": 0
  },
  {
    "id": "cf7f5a97-1940-40c6-8e35-371fc0a7411b",
    "data": [
      {
        "text": "canvas",
        "userDefined": false
      }
    ],
    "isTemplate": false,
    "count": 0,
    "lang": "en",
    "updated": 0
  },
  {
    "id": "87142a82-1d3c-40a0-bcf5-8b4c522e5f8a",
    "data": [
      {
        "text": "pencils",
        "userDefined": false
      }
    ],
    "isTemplate": false,
    "count": 0,
    "lang": "en",
    "updated": 0
  }
]